"subtitle.id","subtitle","n.excl","n.interr","n.neg","n.afirm","joy","anger","anticipation","disgust","fear","sadness","surprise","trust","negative","positive","start","end","n.coincidencias"
1," Oigan… ",0,0,0,0,0,0,0,0,0,0,0,0,0,0,20.877,22.257,0
2," Está lanzando casas. ",0,0,0,0,0,0,1,0,0,0,0,0,0,1,25.837,27.987,1
4," ¡Estará la casa de Eren! ",1,0,0,0,0.05,0.07,0.04,0.03,0.03,0.04,0.1,0.03,0.07,0.04,32.507,36.787,0
5," Sasha, dale un golpe a Connie. ",0,0,0,0,0,1,0,0,1,0,1,0,1,0,38.417,40.967,1
6," Parece que no sabe dónde estamos. ",0,0,1,0,0,0,0.95,0,0,0,0,0,1.1,0,42.947,45.357,1
8," Pretende convertir Shiganshina en un
mar de llamas usando esos escombros. ",0,0,0,0,0,0,0,0,0,0,0,1,1,2,46.467,51.567,3
9,"  Ese desgraciado…  ",0,0,0,0,0,1,0,1,0,1,0,0,1,0,52.967,54.327,1
10,"  esta vez incendió mi ciudad.  ",0,0,0,0,0,0,0,0,0,0,0,0,0,0,55.127,59.127,0
11," ¡Armin, el fuego se acerca!
¡Danos órdenes! ",2,0,0,0,0,1.3225,0,1.21,1.21,0.81,0,0,1.21,0,60.877,64.207,2
12," ¡Date prisa! ",1,0,0,0,0,0,1.1,0,0,0,0,0,0,0,64.207,65.307,1
13," Sé que mientras tiemblas
no puedes hacer nada. ",0,0,1,0,0,0,0.95,0,0,0,0,0,1.1,0,67.057,72.637,1
14," Jean, hazlo por mí. ",0,0,0,0,0,0,0,0,0,0,0,0,1,0,75.877,78.477,1
15," Yo no sé lo que deberíamos hacer. ",0,0,1,0,0,0,0.95,0,0,0,0,0,1.1,0,80.307,83.977,1
16," Antes fallé al prever
lo que haría Bertholdt. ",0,0,0,0,0,0,1,0,0,0,1,1,0,1,84.477,88.167,1
17," Jean, tú estás más capacitado. ",0,0,0,0,0,0,0,0,0,0,0,0,0,0,88.667,90.987,0
18," ¡Vamos hacia el río! ",1,0,0,0,0.05,0.07,0.04,0.03,0.03,0.04,0.1,0.03,0.07,0.04,95.307,97.367,0
19," ¡Súbanse a Eren! ¡Reserven el gas! ",2,0,0,0,0.1,0.14,0.08,0.06,0.06,0.08,0.2,0.06,0.14,0.08,98.107,101.327,0
20," Eren, tendremos que distraer
a Bertholdt en algún momento, ",0,0,0,0,0,0,0,0,0,0,0,0,1,0,105.967,110.137,1
21," pero por ahora intenta que no te vea. ",0,0,1,0,0,0,1.9,0,0,0,0,0,1.1,0,110.137,112.637,2
22," Armin. ",0,0,0,0,0,0,0,0,0,0,0,0,0,0,113.567,114.727,0
23," Puedo ver la situación con claridad,
pero no urdir ningún plan que nos salve. ",0,0,1,0,0,0,2.85,0.95,0.95,0.95,0,0,2.2,0.95,116.437,121.747,4
24," Al final dependeremos de ti. ",0,0,0,0,0,0,1,0,0,0,0,1,0,0,122.307,124.727,1
25,"  Partido perfecto  ",0,0,0,0,1,0,1,0,0,0,0,1,0,1,219.997,224.997,1
26," Acabé con los de este lado. ",0,0,0,0,0,0,0,0,0,0,0,0,0,0,230.387,232.227,0
27," Los únicos inteligentes
son los que están aquí. ",0,0,0,0,0,0,0,0,0,0,1,1,0,2,232.227,235.797,2
28," Pero ¿cómo vamos a acabar
con el titán bestia? ",0,1,0,0,0,0.9,0,0,1,0,0,0,1,0,236.507,240.157,1
29," Está ahí quieto sin mover un músculo. ",0,0,1,0,0,0,0,0,0,0,0,0,0,0,240.157,243.937,0
30," Sí. Parece que es un cobarde. ",0,0,0,0,0,0,0,1,1,1,0,0,1,0,244.247,246.937,1
31," No tiene pelotas, al fin y al cabo. ",0,0,0,0,0,0,1,0,0,0,0,0,1,0,247.527,250.147,1
32," Descansa. ",0,0,0,0,0,0,0,0,0,0,0,0,0,0,250.677,252.207,0
33," Acabaremos con los inteligentes. ",0,0,0,0,0,0,0,0,0,0,0,1,0,1,252.207,254.847,1
34," ¡Vamos! ",1,0,0,0,0.05,0.07,0.04,0.03,0.03,0.04,0.1,0.03,0.07,0.04,254.847,255.957,0
35," ¡Recibido! ",1,0,0,0,0.05,0.07,0.04,0.03,0.03,0.04,0.1,0.03,0.07,0.04,255.957,257.067,0
36,"  Rayos…  ",0,0,0,0,0,0,0,0,0,0,0,0,0,0,259.727,260.947,0
37,"  ¿Cómo estarán
después de la explosión de antes?  ",0,1,0,0,0.95,0.9,0,0,1,0.9,1.25,0,1,1,260.947,265.017,1
38,"  ¿Hange y los demás la evitaron?  ",0,1,0,0,0,0.9,0,0,1,0.9,0,0,1,0,265.527,267.577,1
39,"  Debería ir con ellos en cuanto…  ",0,0,0,0,0,0,0,0,0,0,0,0,0,0,268.167,270.237,0
40," La lancé demasiado alta. ",0,0,0,0,0,0,0,0,0,0,0,0,0,0,301.147,304.147,0
41," Déjala ahí. ",0,0,0,0,0,0,0,0,0,0,0,0,0,0,305.037,307.667,0
42," La primera bola es de práctica. ",0,0,0,0,0,0,1,0,0,0,0,0,0,1,311.677,314.417,1
43," Aspiro a un partido perfecto. ",0,0,0,0,1,0,1,0,0,0,0,1,0,1,315.587,319.057,1
44," ¡Atacan desde el frente!
¡Escóndanse a la sombra de algo! ",2,0,0,0,0,1.3225,0,0,1.21,0,1.69,0,1.21,0,320.427,323.967,1
45," ¿Qué pasa? ",0,1,0,0,0.02,0.03,0.12,0.01,0.04,0.03,0.9,0.02,0.03,0.01,324.727,325.807,0
46," Maldición. ¡Chicos! ",1,0,0,0,0,1.15,0,1.1,1.1,0.9,0,0,1.1,0,325.807,329.037,1
47," ¿Eso es un bombardeo? ",0,1,0,0,0,0.9,0,0,1,0.9,0,0,1,0,356.367,358.777,1
48," ¿Tienen cañones? ",0,1,0,0,0,0.9,0,0,1,0,0,0,1,0,358.777,360.757,1
49," Pues tienen más de cien. ",0,0,0,0,0,0,0,0,0,0,0,0,0,0,360.757,362.847,0
50," ¡Cálmense o alterarán a los caballos! ",1,0,0,0,0,0,0,0,0,0,0,1,0,0,362.847,365.467,1
51," ¡Están tirando piedras! ",1,0,0,0,0,1.15,0,0,0,0,0,0,1.1,0,365.717,367.667,1
52," ¡Capitán Levi! ",1,0,0,0,0,0,0,0,0,0,0,0,0,1.15,367.667,368.847,1
53," ¡Lleven a los caballos hasta la muralla! ",1,0,0,0,0,0,0,0,0,0,0,1,0,0,369.217,371.767,1
54," ¡Recibido! ",1,0,0,0,0.05,0.07,0.04,0.03,0.03,0.04,0.1,0.03,0.07,0.04,372.727,373.897,0
55," ¡Rápido! ¡Aprovechen las coberturas! ",2,0,0,0,0,0,0,0,0,0,1.69,0,0,2.645,375.507,378.197,2
56," ¡Levántate! ¿Es que quieres morir? ",1,1,0,0,0,0,0,0,1.1,0.81,0,0,1.1,0,384.167,386.527,1
57," ¡Comandante! ",1,0,0,0,0,0,0,0,0,0,0,1,0,1.15,388.277,389.257,1
58," ¿Situación? ",0,1,0,0,0,0,1.15,0.95,1,0.9,0,0,1,0,390.457,391.497,1
59," La peor posible. ",0,0,0,0,0,0,0,0,1,1,0,0,1,0,391.967,393.317,1
60," Esas piedras hicieron pedazos
las casas delanteras. ",0,0,0,0,0,1,0,0,0,0,0,0,1,1,393.317,396.607,2
61," Si continúa lanzando,
dejará esta zona desierta. ",0,0,0,0,0,0,2,0,0,0,0,1,0,2,397.027,400.717,2
62," Nos dejará sin escondites. ",0,0,1,0,0,0,0,0,0,0,0,0,0,0,400.717,403.007,0
63," ¿No podemos huir
al otro lado de la muralla? ",0,1,0,0,0,0,1.15,0,1,0.9,0,0,2,0,403.547,406.467,2
64," No. ",0,0,0,0,0,0,1,0,0,0,0,0,1,0,406.467,407.347,1
65," El titán colosal se acerca hacia aquí ",0,0,0,0,0,0,0,0,0,0,0,0,0,1,407.687,411.117,1
66," mientras lo prende todo en llamas. ",0,0,0,0,0,0,0,0,0,0,0,0,0,0,411.117,413.707,0
67," Y aunque crucemos la muralla,
los caballos no pueden seguirnos. ",0,0,1,0,0,0,0.95,0,0,0,0,0.95,1.1,0,414.897,419.857,2
68," Aunque aguantemos ahora, no venceremos. ",0,0,1,0,0,0,0.95,0,0,0,0,0,2.2,0,420.437,423.867,2
69," ¿Dónde está Hange? ¿Eren está a salvo? ",0,2,0,0,0.04,0.06,0.24,0.02,0.08,0.06,1.8,0.04,0.06,0.02,424.277,427.367,0
70," No lo sé. ",0,0,0,0,0,0,1,0,0,0,0,0,1,0,428.367,429.757,1
71," Pero muchos sufrieron
la explosión de antes. ",0,0,0,0,1,1,0,0,1,1,1,0,2,1,429.757,432.987,2
72," Sufrimos innumerables bajas. ",0,0,0,0,0,0,0,0,0,0,0,0,0,0,433.617,435.877,0
73," El titán bestia controló a los pequeños
para reunirnos en un lugar. ",0,0,0,0,0,1,0,0,1,0,0,0,1,0,436.967,442.417,1
74," Los escuadrones de Dirk, Marlene y Klaus
se enfrentaban a los titanes menores ",0,0,0,0,0,0,0,1,0,0,0,0,1,0,442.987,449.057,1
75," y fallecieron en el primer lanzamiento. ",0,0,0,0,0,0,0,0,0,0,0,0,0,0,449.457,451.817,0
76," En otras palabras, en la parte interior
de la muralla quedamos los reclutas, ",0,0,0,0,0,0,0,1,0,0,0,2,0,2,452.837,459.357,2
77," el capitán Levi y yo. ",0,0,0,0,0,0,0,0,0,0,0,0,0,1,459.767,463.707,1
78," ¡Es el fin! ",1,0,0,0,0.05,0.07,0.04,0.03,0.03,0.04,0.1,0.03,0.07,0.04,468.857,470.867,0
79," Erwin, ¿tienes algún plan? ",0,1,0,0,0,0,1.15,0,0,0,0,0,0,0,470.867,474.167,1
80," ¡Grita, Eren! ",1,0,0,0,0.05,0.07,0.04,0.03,0.03,0.04,0.1,0.03,0.07,0.04,477.927,479.247,0
81," ¡Que no se acerque más a la muralla! ",1,0,1,0,0,0,1.045,0,0,0,0,0,1.21,0,479.247,481.917,1
82," ¡Nos vio! ",1,0,0,0,0.05,0.07,0.04,0.03,0.03,0.04,0.1,0.03,0.07,0.04,490.817,491.807,0
83," ¿Nos ignora? ",0,1,0,0,0.02,0.03,0.12,0.01,0.04,0.03,0.9,0.02,0.03,0.01,496.077,498.637,0
84," ¿Qué hacemos, Jean? A este paso… ",0,1,0,0,0.02,0.03,0.12,0.01,0.04,0.03,0.9,0.02,0.03,0.01,499.077,501.687,0
85," Lo sé. ",0,0,0,0,0,0,0,0,0,0,0,0,0,0,502.077,503.467,0
86," ¡Eren, ve a detener sus piernas! ",1,0,0,0,0,0,0,0,0,0,0,0,1.1,0,503.467,506.447,1
87," ¿Cómo vamos a derrotarlo? ",0,1,0,0,0.02,0.03,0.12,0.01,0.04,0.03,0.9,0.02,0.03,0.01,509.767,512.617,0
88," El vapor inutiliza
el equipo de maniobras. ",0,0,0,0,0,0,0,0,0,0,0,1,0,0,513.037,515.957,1
89," ¿Verdad? ",0,1,0,0,0,0,0,0,0,0,0,0.95,0,1,516.507,517.747,1
90," Ya lo sé. ",0,0,0,0,0,0,0,0,0,0,0,0,0,0,518.767,520.457,0
91," Pero tenemos que probar lo que podamos. ",0,0,0,0,0,0,0,0,0,0,0,0,0,0,521.057,524.157,0
92," ¡Revelaremos su punto débil! ",1,0,0,0,0,0,0,0,0,0.9,0,0,1.1,0,524.157,526.517,1
93," Yo me encargo. Ustedes distráiganlo. ",0,0,0,0,0,0,0,0,0,0,0,0,0,0,526.517,529.427,0
94," Connie, las lanzas relámpago. ",0,0,0,0,0,1,1,0,1,0,0,0,1,0,529.877,531.737,1
96," Armin, tú obsérvalo desde la distancia. ",0,0,0,0,0,0,0,0,0,0,0,0,0,0,533.837,536.877,0
97," Deja de llorar. ",0,0,0,0,0,0,0,0,0,1,0,0,1,0,537.417,539.157,1
98," Confía en que encontrarás alguna pista. ",0,0,0,0,0,0,1,0,0,0,0,1,0,0,539.157,541.897,2
99," ¡Ahora! ¡Dispérsense! ",2,0,0,0,0.1,0.14,0.08,0.06,0.06,0.08,0.2,0.06,0.14,0.08,544.947,546.737,0
100,"  No me mires con tanto desprecio.  ",0,0,0,0,0,1,1,1,1,0,0,0,2,0,549.527,551.977,2
101,"  ¡Tu único poder es ser enorme!  ",1,0,0,0,0,1.15,0,1.1,0,0,1.3,0,1.1,1.15,551.977,557.027,2
102," ¡Lo está empujando! ",1,0,0,0,0.05,0.07,0.04,0.03,0.03,0.04,0.1,0.03,0.07,0.04,573.817,575.227,0
103," ¡Vamos, Eren! ¡Túmbalo! ",2,0,0,0,0.1,0.14,0.08,0.06,0.06,0.08,0.2,0.06,0.14,0.08,575.227,577.977,0
104,"  Tiene que haber alguna forma.  ",0,0,0,0,0,0,0,0,0,0,0,0,0,1,578.557,580.937,1
105,"  ¿Eh?  ",0,1,0,0,0.02,0.03,0.12,0.01,0.04,0.03,0.9,0.02,0.03,0.01,584.787,585.707,0
106," ¡Eren! ",1,0,0,0,0.05,0.07,0.04,0.03,0.03,0.04,0.1,0.03,0.07,0.04,596.237,597.677,0
107," ¿Ese es Eren? ",0,1,0,0,0.02,0.03,0.12,0.01,0.04,0.03,0.9,0.02,0.03,0.01,601.747,604.917,0
108," ¿Lo envió volando
hasta lo alto de la muralla? ",0,1,0,0,0,0,1.15,0,0,0,0,0,0,0,605.457,609.967,1
109," Eren no se mueve. ",0,0,1,0,0,0,0.95,0,0,0,0,0,1.1,0,613.527,614.957,1
110," No está muerto. Céntrate
en el monstruo que tienes delante. ",0,0,0,0,0,0,1,0,2,1,0,0,3,0,614.957,618.597,3
111," Nos acercamos demasiado. ",0,0,0,0,0,0,0,0,0,0,0,0,0,0,619.237,621.937,0
112," Eso es lo que pasa
si no tenemos un plan. ",0,0,1,0,0,0,1.9,0,0,0,0,0,1.1,0,621.937,624.857,2
113," Si no pensamos en algo
que nos dé la ventaja, ",0,0,1,0,0.95,0,1.9,0,0.95,0,0.95,0,1.1,0.95,625.707,629.777,2
114," se acabaron la operación, nuestras vidas
y el futuro de la humanidad. ",0,0,0,0,1,0,0,0,1,0,0,2,0,1,630.187,635.827,2
115," Pero no vamos a dejar
que nos mates a todos sin más. ",0,0,2,0,0,0,0.9025,0,0,0,0,0,1.21,0,636.637,641.247,1
116," ¡Ataquemos! ",1,0,0,0,0.05,0.07,0.04,0.03,0.03,0.04,0.1,0.03,0.07,0.04,641.617,643.537,0
117," ¡Aún no conoce las lanzas! ",1,0,1,0,0,1.0925,2.09,0,1.045,0,0,0,2.42,0,647.677,649.807,2
118," Connie, Sasha y yo lo distraeremos. ",0,0,0,0,0,0,0,0,0,0,0,0,0,0,649.807,652.487,0
119," ¡Mikasa disparará mientras tanto! ",1,0,0,0,0,1.15,0,0,1.1,0,0,0,1.1,0,652.487,654.607,1
120," ¡Recibido! ",1,0,0,0,0.05,0.07,0.04,0.03,0.03,0.04,0.1,0.03,0.07,0.04,654.607,655.467,0
121," ¡Te voy a arrancar los ojos, idiota! ",1,0,0,0,0,1.15,0,1.1,0,0,0,0,1.1,0,657.057,660.157,1
122," ¡Tonto! ",1,0,0,0,1.15,0,0,0,0,0,0,0,1.1,0,660.157,662.017,1
123," ¡Bicho raro! ",1,0,0,0,0,0,0,1.1,0,0,0,0,0,0,662.017,664.187,1
124,"  Es una provocación muy simple.  ",0,0,0,1,0,1.1,0,0,0,0,0,0,1,0,665.477,667.777,1
125,"  Pero si las lanzas relámpago le dan…  ",0,0,0,0,0,1,1,0,1,0,0,0,1,0,668.127,670.737,1
126," ¡Chicos! ",1,0,0,0,0.05,0.07,0.04,0.03,0.03,0.04,0.1,0.03,0.07,0.04,691.547,692.857,0
127," No funciona. ",0,0,0,0,0,0,1,0,0,0,0,0,1,0,693.787,695.407,1
128," Ese vapor repele las lanzas relámpago. ",0,0,0,0,0,1,1,0,1,0,0,0,1,0,695.407,698.467,1
129," ¡Connie! ",1,0,0,0,0.05,0.07,0.04,0.03,0.03,0.04,0.1,0.03,0.07,0.04,700.477,701.427,0
130," Inhalé un poco y me quemé la garganta. ",0,0,0,0,0,0,0,1,0,0,0,0,1,0,701.427,704.347,1
131," ¡Mikasa! Estás sangrando. ",1,0,0,0,0,0,0,0,0,0,0,1,0,0,705.417,707.607,1
132," Estoy bien, solo me rozó
un pedazo de las lanzas. ",0,0,0,0,0,1,1,0,1,0,0,0,1,0,707.607,711.447,1
133," ¿Se te ocurrió algo? ",0,1,0,0,0.02,0.03,0.12,0.01,0.04,0.03,0.9,0.02,0.03,0.01,711.447,712.987,0
134," ¿Podemos contraatacar de algún modo? ",0,1,0,0,0.02,0.03,0.12,0.01,0.04,0.03,0.9,0.02,0.03,0.01,714.927,717.507,0
135," No. ",0,0,0,0,0,0,1,0,0,0,0,0,1,0,721.547,722.877,1
136,"  Información pública actualmente  ",0,0,0,0,0,0,1,0,0,0,0,0,0,2,739.967,744.977,2
137,"   Vapor caliente del titán colosal
Se cree que lo genera
al quemar tejido muscular
y, por tanto, es limitado.   ",0,0,0,0,0,2,0,0,0,1,0,0,1,2,739.967,744.977,4
138," El titán bestia
está apuntando hacia aquí. ",0,0,0,0,0,1,0,0,1,0,0,0,1,0,758.857,761.627,1
139," No tardará en llenar esto de agujeros. ",0,0,0,0,0,0,1,0,0,0,0,1,1,0,761.627,763.907,2
140," Si no nos queda forma de contraatacar, ",0,0,1,0,0,0,0.95,0,0,0,0,0,1.1,0.95,764.947,769.717,2
141," preparemos la huida. ",0,0,0,0,0,0,0,0,0,0,0,0,0,0,769.717,771.657,0
142," Ve a despertar a Eren. ",0,0,0,0,0,0,1,0,0,0,0,0,0,1,772.277,774.377,1
143," Súbete a él
con unos cuantos más y huyan. ",0,0,0,0,0,0,0,0,1,1,0,0,1,0,774.687,777.427,1
144," Que sobreviva alguien. ",0,0,0,0,0,0,0,0,0,0,0,0,0,0,778.077,780.427,0
145," Huyeron unos caballos. ",0,0,0,0,0,0,0,0,1,1,0,1,1,0,781.857,783.927,2
146," ¡Tú estabas al cargo! ",1,0,0,0,0.05,0.07,0.04,0.03,0.03,0.04,0.1,0.03,0.07,0.04,784.367,785.937,0
147," ¡Cállate! ¡Ya no sirven de nada! ",2,0,1,0,0,0,1.1495,0,0,0,0,0,1.331,1.256375,785.937,788.307,2
148," ¿Cómo dices? ",0,1,0,0,0.02,0.03,0.12,0.01,0.04,0.03,0.9,0.02,0.03,0.01,788.307,789.517,0
149," Los más fuertes de la Legión
murieron en un instante. ",0,0,0,0,0,0,0,1,1,1,0,1,1,0,790.107,793.967,2
150," ¡Tú también lo sabes! ",1,0,0,0,0.05,0.07,0.04,0.03,0.03,0.04,0.1,0.03,0.07,0.04,794.417,796.497,0
151," Aunque protejamos a los caballos, ",0,0,0,0,0,0,0,0,0,0,0,1,0,0,796.807,799.147,1
152," ¡no quedará nadie
que vuelva a casa en ellos! ",1,0,1,0,0,0,1.045,0,0,0,0,0,1.21,0,799.527,802.787,1
153," Entendía la lógica. ",0,0,0,0,0,0,0,0,0,0,0,0,0,0,807.787,810.147,0
154," Si nos quedábamos en las murallas,
un día los titanes nos aniquilarían. ",0,0,0,0,0,1,0,0,1,0,0,0,1,0,810.707,816.737,1
155," Alguien tenía que actuar,
aunque fuera peligroso. ",0,0,0,0,0,0,1,0,1,1,0,0,1,0,817.257,820.437,1
156," Hace falta gente capaz de sacrificarse
para no sacrificar a otros. ",0,0,1,0,0,0,0.95,0,0,0.95,0,0,2.2,0,821.037,827.097,2
157," ""¿Quiénes serán
esos valerosos soldados?"". ",0,1,0,0,0,0.9,0,0,0,0.9,0,0,0,1,827.447,830.117,1
158," Cuando preguntaron eso… ",0,0,0,0,0,0,0,0,0,0,0,0,0,0,830.117,832.357,0
159," pensé que yo era uno. ",0,0,0,0,0,0,0,0,0,0,0,0,0,0,832.677,836.857,0
160," Pero no esperaba que mi muerte ",0,0,1,0,0.95,0.95,2.85,0.95,0.95,0.95,1.9,0.95,2.2,0.95,837.727,842.297,3
161," no fuera a tener sentido alguno. ",0,0,1,0,0.95,0,0.95,0,0,0.95,0,0.95,1.1,0.95,842.997,847.077,2
162," En comparación, hay mucha más gente
que muere en vano que no. ",0,0,1,0,0,0,0.95,0,0.95,0.95,0,0,2.2,0,847.877,853.507,2
163," ¿Por qué pensé
que yo iba a ser diferente? ",0,1,0,0,0.02,0.03,0.12,0.01,0.04,0.03,0.9,0.02,0.03,0.01,854.217,859.947,0
164," ¿Y si hacemos que los reclutas
y los del escuadrón de Hange restantes ",0,0,0,0,0,0,0,0,0,0,0,0,0,0,865.347,869.307,0
165," se dispersaran en caballo? ",0,1,0,0,0,0,0,0,0,0,0,0.95,0,0,869.657,871.347,1
166," Eren saldrá corriendo
mientras los distraen. ",0,0,0,0,0,0,2,0,1,1,0,0,2,1,871.667,875.727,3
167," ¿Qué harás tú, Levi? ",0,1,0,0,0.02,0.03,0.12,0.01,0.04,0.03,0.9,0.02,0.03,0.01,876.507,879.357,0
168," Enfrentarme al titán bestia.
Si lo atrai… ",0,0,0,0,0,1,0,0,1,0,0,0,1,0,879.927,883.117,1
169," Imposible. No podrás ni acercarte. ",0,0,1,0,0,0,0.95,0,0,0.95,0,0,2.2,0,883.347,886.617,2
170," Me lo imagino. ",0,0,0,0,0,0,0,0,0,0,0,0,0,0,887.187,888.437,0
171," Pero si Eren y tú regresan con vida,
aún habrá esperanza. ",0,0,0,0,0,0,0,0,0,0,0,0,0,0,888.967,893.627,0
172," ¿No crees que llegamos a ese punto? ",0,1,0,0,0,0,2.3,0,0,0,0,0,1,0,894.107,897.417,2
173," Es una gran derrota. ",0,0,0,0,0,0,0,0,0,0,0,0,1,0,898.457,899.857,1
174," Si te soy sincero,
creo que no sobrevivirá nadie. ",0,0,1,0,0.95,0,1.9,0,0,0,0.95,0.95,1.1,1.9,900.617,906.127,3
175," Sí. Si no hubiera
ninguna forma de contraatacar. ",0,0,1,0,0,0,0.95,0,0,0,0,0,1.1,0.95,907.077,910.907,2
176," ¿Y la hay? ",0,1,0,0,0.02,0.03,0.12,0.01,0.04,0.03,0.9,0.02,0.03,0.01,914.837,915.937,0
178," ¿Por qué no lo dijiste antes? ",0,1,1,0,0,0,1.0925,0,0,0,0,0,1.1,0,918.267,920.147,1
179," ¿Por qué te callaste
con esa cara de asco? ",0,1,0,0,0,0.9,0,0.95,1,0.9,0,0,1,0,920.647,923.277,1
180," Si esto sale bien, ",0,0,0,0,0,0,1,0,0,1,0,0,0,1,924.127,925.817,1
181," es posible que puedas matar
al titán bestia. ",0,0,0,0,0,2,0,0,2,1,0,0,2,0,926.247,929.617,2
182," Sacrificando mi vida
y la de los reclutas. ",0,0,0,0,0,0,0,0,0,0,0,0,0,0,930.147,934.217,0
183," Tienes razón. ",0,0,0,0,0,0,0,0,0,0,0,0,0,1,939.507,941.147,1
184," De todos modos,
la mayoría moriremos aquí. ",0,0,0,0,1,0,0,0,1,1,0,1,1,1,941.857,944.617,2
185," Es mucho más probable que muramos todos. ",0,0,0,1,0,0,0,0,0,0,0,0,0,0,945.987,949.857,0
186," Debemos apostar por la victoria
del modo que sea necesario. ",0,0,0,0,1,0,1,0,0,0,0,1,1,1,950.857,956.017,2
187," Para eso tendré que pedirles
a esos jóvenes que mueran. ",0,0,0,0,0,1,1,0,1,1,0,0,2,0,957.707,961.617,2
188," Tendré que inventar una buena excusa,
como un estafador. ",0,0,0,0,0,0,0,0,0,0,0,0,1,0,962.057,966.037,1
189," Si no voy en cabeza, nadie me seguirá. ",0,0,1,0,0,0,1.9,0,0,0,0,0.95,1.1,0.95,966.857,970.967,2
190," Seré el primero en morir. ",0,0,0,0,0,0,0,0,1,1,0,0,1,0,971.527,973.707,1
191," Sin saber qué hay en el sótano. ",0,0,0,0,0,0,0,0,0,0,0,0,0,0,974.327,978.837,0
192," Quiero ir a ese sótano. ",0,0,0,0,0,0,0,0,0,0,0,0,0,0,988.437,992.217,0
193," Llegué hasta aquí
pensando en que llegaría este día. ",0,0,0,0,0,0,1,0,0,0,0,0,0,0,993.417,998.657,1
194," En que un día
podría comprobar la respuesta. ",0,0,0,0,0,0,0,0,0,0,0,0,0,0,999.877,1003.567,0
195," Muchas veces pensé
que sería mejor morir. ",0,0,0,0,0,0,0,0,1,1,0,0,1,0,1005.077,1009.107,1
196," Pero el sueño de mi padre
y el mío me venía a la mente. ",0,0,0,0,0,0,0,0,0,0,0,1,0,0,1009.677,1014.407,1
197," Ahora la respuesta
está al alcance de mi mano. ",0,0,0,0,0,0,0,0,0,0,0,0,0,0,1015.057,1020.237,0
198," Está justo ahí. ",0,0,0,0,0,0,0,0,0,0,0,0,0,1,1023.167,1025.257,1
199," Pero, Levi, ",0,0,0,0,0,0,0,0,0,0,0,0,0,0,1028.587,1030.107,0
200," ¿puedes ver a nuestros compañeros? ",0,1,0,0,0.95,0,0,0,0,0,0,0.95,0,1,1031.927,1034.877,1
201," Ellos nos observan. ",0,0,0,0,0,0,0,0,0,0,0,0,0,0,1038.787,1041.147,0
202," Quieren saber qué pasó
con los corazones que entregaron. ",0,0,0,0,1,0,0,0,0,0,0,1,0,1,1041.667,1045.027,1
203," Porque la batalla aún no terminó. ",0,0,1,0,0,0.95,0.95,0,0,0.95,0,0,2.2,0,1045.837,1048.367,3
204," Quizás todo sea
una ilusión infantil en mi cabeza. ",0,0,0,0,0,1,0,1,0,0,0,0,1,0,1055.567,1060.997,1
205," Peleaste con valor. ",0,0,0,0,0,0,0,0,0,0,0,1,0,1,1066.967,1069.167,1
206," Gracias a ti llegamos hasta aquí. ",0,0,0,0,0,0,1,0,0,0,0,0,0,1,1069.907,1073.257,2
207," Pero sé lo que elijo. ",0,0,0,0,0,0,0,0,0,0,0,0,0,0,1075.237,1076.987,0
208," Abandona tu sueño y muere. ",0,0,0,0,0,0,0,0,2,2,1,0,2,0,1079.107,1081.737,2
209," Guía a los reclutas al infierno. ",0,0,0,0,0,1,0,1,1,1,0,0,1,0,1081.737,1084.187,1
210," Yo mataré al titán bestia. ",0,0,0,0,0,2,0,0,2,1,0,0,2,0,1085.107,1088.217,2
211," ¡A la carga! ",1,0,0,0,0,0,0,0,0,0,0,0,1.1,0,1110.177,1111.757,1
212," Imaginé que no se rendirían sin pelear, ",0,0,2,0,0,0,0.9025,0,0,0,0,0,1.21,0,1116.837,1121.387,1
213," pero ¿una carga directa? ",0,1,0,0,0,0,0,0,0,0,0,0.95,1,1,1121.937,1123.687,2
214," Esperaba
que se les ocurriera algo mejor. ",0,0,0,0,1,0,1,0,0,0,1,1,0,1,1124.127,1127.527,1
215," ¡Ahora! ¡Disparen! ",2,0,0,0,0.1,0.14,0.08,0.06,0.06,0.08,0.2,0.06,0.14,0.08,1128.187,1130.697,0
216," ¿Humo? ",0,1,0,0,0,0,0,0,0,0,0,0,1,0,1134.707,1135.967,1
217," Es con el que envían las señales. ",0,0,0,0,0,0,1,0,0,0,0,0,0,0,1136.617,1140.247,1
218," ¡Ahí va! ¡Muévanse! ",2,0,0,0,0.1,0.14,0.08,0.06,0.06,0.08,0.2,0.06,0.14,0.08,1140.817,1142.627,0
219," Les describiré
nuestra última estrategia. ",0,0,0,0,0,0,1,0,0,1,0,0,0,0,1146.787,1149.377,1
220," ¡En fila! ",1,0,0,0,0,1.15,0,0,0,0,0,0,1.1,0,1149.377,1151.077,1
221," Cargaremos
contra el titán bestia a caballo. ",0,0,0,0,0,1,0,0,1,0,0,1,1,0,1153.257,1158.427,2
222," Naturalmente,
seremos una diana perfecta. ",0,0,0,0,1,0,1,0,0,0,0,1,0,1,1158.427,1161.687,1
223," Dispararemos bengalas de humo
cuando vaya a lanzar una piedra ",0,0,0,0,0,1,1,0,0,0,0,0,2,1,1162.547,1167.177,3
224," para disminuir su precisión
cuanto podamos. ",0,0,0,0,0,0,0,0,0,1,0,0,1,1,1167.497,1170.447,2
225," Mientras nosotros llamamos su atención,
Levi matará al titán bestia. ",0,0,0,0,0,2,0,0,2,1,0,0,2,1,1170.877,1175.797,3
226," Ese es el plan. ",0,0,0,0,0,0,1,0,0,0,0,0,0,0,1176.117,1177.827,1
228," ¿Que yo me acerque
con el equipo de maniobras? ",0,1,0,0,0,0,0,0,0,0,0,0.95,0,0,1180.107,1183.247,1
229," Está en campo abierto. ",0,0,0,0,0,0,0,0,1,0,0,0,0,0,1183.657,1185.757,1
230," No hay árboles, casas ni nada que usar. ",0,0,1,0,0.95,0.95,1.9,0.95,0,0,0.95,0.95,1.1,0.95,1185.757,1188.217,2
231," No. ",0,0,0,0,0,0,1,0,0,0,0,0,1,0,1188.657,1189.627,1
232," Hay unos mástiles de la altura perfecta
alineados hasta él. ",0,0,0,0,1,0,1,0,0,0,0,1,0,1,1191.147,1195.017,1
233," Muévete por los titanes
y ataca al titán bestia por sorpresa. ",0,0,0,0,1,2,0,0,3,0,2,0,2,1,1196.657,1201.747,3
234,"  Lo siento.  ",0,0,0,0,0,0,0,0,0,0,0,0,0,0,1209.147,1210.657,0
235," Quedándonos aquí
seremos pasto de esas piedras. ",0,0,0,0,0,1,0,0,0,0,0,0,1,0,1218.387,1222.607,1
236," Prepárense de inmediato. ",0,0,0,0,0,0,0,0,0,0,0,0,0,0,1222.607,1224.457,0
237," ¿Vamos a morir? ",0,1,0,0,0,0,0,0,1,0.9,0,0,1,0,1225.767,1230.547,1
239," Si vamos a morir de todas formas,
¿nos pide que lo hagamos peleando? ",0,1,0,0,0,0.9,1.15,0,1,0.9,0,0,2,1,1233.347,1239.467,3
241," Si vamos a morir, no importa cómo. ",0,0,1,0,0,0,0.95,0,0.95,0.95,0,0,2.2,0,1241.717,1246.717,2
242," Aunque lo desobedezcamos, dará igual. ",0,0,0,0,0,0,0,0,0,0,0,0,0,0,1246.717,1250.727,0
243," Efectivamente. ",0,0,0,0,0,0,0,0,0,0,0,0,0,0,1251.217,1252.687,0
244," No tiene ningún sentido. ",0,0,0,0,1,0,1,0,0,1,0,1,1,1,1254.347,1256.247,2
245," Ya tengas sueños y esperanzas… ",0,0,0,0,0,0,0,0,0,0,0,0,0,0,1256.247,1258.767,0
246," Ya vivas una vida feliz… ",0,0,0,0,1,0,0,0,0,0,0,0,0,1,1259.967,1262.777,1
247," O ya te haga pedazos una piedra. ",0,0,0,0,0,1,0,0,0,0,0,0,1,0,1263.767,1266.237,1
248," Todos morimos. ",0,0,0,0,0,0,0,0,1,1,0,0,1,0,1266.927,1268.587,1
249," Entonces, ¿la vida no tiene sentido? ",0,1,1,0,0.9025,0,1.0925,0,0,0.855,0,0.9025,1.1,0.95,1269.927,1272.507,2
250," ¿Nacer no tuvo sentido? ",0,1,1,0,0.9025,0,1.0925,0,0,0.855,0,0.9025,1.1,0.95,1273.307,1276.707,2
251," ¿Nuestros compañeros caídos tampoco? ",0,1,1,0,0.9025,0,0,0,0,0,0,0.9025,1.1,0.95,1277.867,1280.207,2
252," ¿Esos soldados no sirvieron de nada? ",0,1,1,0,0,0.855,1.0925,0,0,0.855,0,0,1.1,0.95,1280.657,1284.367,2
253," ¡No es así! ",1,0,0,0,0,0,1.1,0,0,0,0,0,1.1,0,1285.927,1287.557,1
254," ¡Somos nosotros
los que le damos sentido! ",1,0,0,0,1.15,0,0,0,0,0.9,0,1,0,1.15,1287.557,1290.567,1
255," ¡Solo los vivos ",0,0,0,0,0,0,0,0,0,0,0,0,0,0,1291.077,1294.067,0
256," podemos pensar en los que perecieron! ",1,0,0,0,0,0,0,0,1.1,0.9,0,0,1.1,0,1294.457,1298.317,1
257," ¡Moriremos aquí y le entregaremos
nuestro sentido a los vivos! ",1,0,0,0,1.15,0,0,0,1.1,1.8,0,1,1.1,1.15,1298.817,1303.307,2
258," ¡Esa es la única forma de resistirse
en este cruel mundo! ",1,0,0,0,0,1.15,0,1.1,1.1,0.9,1.3,0,2.2,2.3,1304.057,1309.577,4
259," ¡Avancen, soldados! ",1,0,0,0,0,1.15,0,0,0,0.9,0,0,0,1.15,1310.127,1311.837,1
260," ¡Griten, soldados! ",1,0,0,0,0,1.15,0,0,0,0.9,0,0,0,1.15,1312.367,1314.337,1
261," ¡Peleen, soldados! ",1,0,0,0,0,1.15,0,0,0,0.9,0,0,0,1.15,1314.727,1317.377,1
262,"  Continuará  ",0,0,0,0,0,0,1,0,0,0,0,1,0,1,1326.977,1329.977,1
263,"  Avance  ",0,0,0,0,0,0,0,0,0,0,0,0,0,1,1419.987,1422.487,1
264," Por los amigos
que entregaron su corazón. ",0,0,0,0,2,0,2,0,0,0,0,3,0,3,1420.347,1422.487,3
265," Por los que abandonaron su sueño. ",0,0,0,0,0,0,0,0,1,1,1,0,1,0,1423.047,1425.237,1
266," Correrán por ellos hasta que arda todo. ",0,0,0,0,0,0,0,0,0,0,0,0,0,0,1425.727,1429.587,0
267," Sumidos en el miedo y la confusión. ",0,0,0,0,0,2,1,0,2,1,1,0,2,0,1430.107,1432.287,2
268," Próximo episodio: ""Héroe"". ",0,0,0,0,1,0,1,0,0,0,1,1,0,2,1432.747,1435.237,2
269,"  Héroe  ",0,0,0,0,1,0,1,0,0,0,1,1,0,1,1432.747,1436.667,1
