"n","start","end","subtitle"
1,20.877,22.257,"Oigan…"
2,25.837,27.987,"Está lanzando casas."
3,28.677,31.707,"Entre esas estará…"
4,32.507,36.787,"Estará la casa de Eren!"
5,38.417,40.967,"Sasha, dale un golpe a Connie."
6,42.947,45.357,"Parece que no sabe dónde estamos."
7,45.357,46.467,"Sí."
8,46.467,51.567,"Pretende convertir Shiganshina en un mar de llamas usando esos escombros."
9,52.967,54.327,"Ese desgraciado…"
10,55.127,59.127,"esta vez incendió mi ciudad."
11,60.877,64.207,"Armin, el fuego se acerca! Danos órdenes!"
12,64.207,65.307,"Date prisa!"
13,67.057,72.637,"Sé que mientras tiemblas no puedes hacer nada."
14,75.877,78.477,"Jean, hazlo por mí."
15,80.307,83.977,"Yo no sé lo que deberíamos hacer."
16,84.477,88.167,"Antes fallé al prever lo que haría Bertholdt."
17,88.667,90.987,"Jean, tú estás más capacitado."
18,95.307,97.367,"Vamos hacia el río!"
19,98.107,101.327,"Súbanse a Eren! Reserven el gas!"
20,105.967,110.137,"Eren, tendremos que distraer a Bertholdt en algún momento,"
21,110.137,112.637,"pero por ahora intenta que no te vea."
22,113.567,114.727,"Armin."
23,116.437,121.747,"Puedo ver la situación con claridad, pero no urdir ningún plan que nos salve."
24,122.307,124.727,"Al final dependeremos de ti."
25,219.997,224.997,"Partido perfecto"
26,230.387,232.227,"Acabé con los de este lado."
27,232.227,235.797,"Los únicos inteligentes son los que están aquí."
28,236.507,240.157,"Pero cómo vamos a acabar con el titán bestia?"
29,240.157,243.937,"Está ahí quieto sin mover un músculo."
30,244.247,246.937,"Sí. Parece que es un cobarde."
31,247.527,250.147,"No tiene pelotas, al fin y al cabo."
32,250.677,252.207,"Descansa."
33,252.207,254.847,"Acabaremos con los inteligentes."
34,254.847,255.957,"Vamos!"
35,255.957,257.067,"Recibido!"
36,259.727,260.947,"Rayos…"
37,260.947,265.017,"Cómo estarán después de la explosión de antes?"
38,265.527,267.577,"Hange y los demás la evitaron?"
39,268.167,270.237,"Debería ir con ellos en cuanto…"
40,301.147,304.147,"La lancé demasiado alta."
41,305.037,307.667,"Déjala ahí."
42,311.677,314.417,"La primera bola es de práctica."
43,315.587,319.057,"Aspiro a un partido perfecto."
44,320.427,323.967,"Atacan desde el frente! Escóndanse a la sombra de algo!"
45,324.727,325.807,"Qué pasa?"
46,325.807,329.037,"Maldición. Chicos!"
47,356.367,358.777,"Eso es un bombardeo?"
48,358.777,360.757,"Tienen cañones?"
49,360.757,362.847,"Pues tienen más de cien."
50,362.847,365.467,"Cálmense o alterarán a los caballos!"
51,365.717,367.667,"Están tirando piedras!"
52,367.667,368.847,"Capitán Levi!"
53,369.217,371.767,"Lleven a los caballos hasta la muralla!"
54,372.727,373.897,"Recibido!"
55,375.507,378.197,"Rápido! Aprovechen las coberturas!"
56,384.167,386.527,"Levántate! Es que quieres morir?"
57,388.277,389.257,"Comandante!"
58,390.457,391.497,"Situación?"
59,391.967,393.317,"La peor posible."
60,393.317,396.607,"Esas piedras hicieron pedazos las casas delanteras."
61,397.027,400.717,"Si continúa lanzando, dejará esta zona desierta."
62,400.717,403.007,"Nos dejará sin escondites."
63,403.547,406.467,"No podemos huir al otro lado de la muralla?"
64,406.467,407.347,"No."
65,407.687,411.117,"El titán colosal se acerca hacia aquí"
66,411.117,413.707,"mientras lo prende todo en llamas."
67,414.897,419.857,"Y aunque crucemos la muralla, los caballos no pueden seguirnos."
68,420.437,423.867,"Aunque aguantemos ahora, no venceremos."
69,424.277,427.367,"Dónde está Hange? Eren está a salvo?"
70,428.367,429.757,"No lo sé."
71,429.757,432.987,"Pero muchos sufrieron la explosión de antes."
72,433.617,435.877,"Sufrimos innumerables bajas."
73,436.967,442.417,"El titán bestia controló a los pequeños para reunirnos en un lugar."
74,442.987,449.057,"Los escuadrones de Dirk, Marlene y Klaus se enfrentaban a los titanes menores"
75,449.457,451.817,"y fallecieron en el primer lanzamiento."
76,452.837,459.357,"En otras palabras, en la parte interior de la muralla quedamos los reclutas,"
77,459.767,463.707,"el capitán Levi y yo."
78,468.857,470.867,"Es el fin!"
79,470.867,474.167,"Erwin, tienes algún plan?"
80,477.927,479.247,"Grita, Eren!"
81,479.247,481.917,"Que no se acerque más a la muralla!"
82,490.817,491.807,"Nos vio!"
83,496.077,498.637,"Nos ignora?"
84,499.077,501.687,"Qué hacemos, Jean? A este paso…"
85,502.077,503.467,"Lo sé."
86,503.467,506.447,"Eren, ve a detener sus piernas!"
87,509.767,512.617,"Cómo vamos a derrotarlo?"
88,513.037,515.957,"El vapor inutiliza el equipo de maniobras."
89,516.507,517.747,"Verdad?"
90,518.767,520.457,"Ya lo sé."
91,521.057,524.157,"Pero tenemos que probar lo que podamos."
92,524.157,526.517,"Revelaremos su punto débil!"
93,526.517,529.427,"Yo me encargo. Ustedes distráiganlo."
94,529.877,531.737,"Connie, las lanzas relámpago."
95,531.737,533.427,"Sí!"
96,533.837,536.877,"Armin, tú obsérvalo desde la distancia."
97,537.417,539.157,"Deja de llorar."
98,539.157,541.897,"Confía en que encontrarás alguna pista."
99,544.947,546.737,"Ahora! Dispérsense!"
100,549.527,551.977,"No me mires con tanto desprecio."
101,551.977,557.027,"Tu único poder es ser enorme!"
102,573.817,575.227,"Lo está empujando!"
103,575.227,577.977,"Vamos, Eren! Túmbalo!"
104,578.557,580.937,"Tiene que haber alguna forma."
105,584.787,585.707,"Eh?"
106,596.237,597.677,"Eren!"
107,601.747,604.917,"Ese es Eren?"
108,605.457,609.967,"Lo envió volando hasta lo alto de la muralla?"
109,613.527,614.957,"Eren no se mueve."
110,614.957,618.597,"No está muerto. Céntrate en el monstruo que tienes delante."
111,619.237,621.937,"Nos acercamos demasiado."
112,621.937,624.857,"Eso es lo que pasa si no tenemos un plan."
113,625.707,629.777,"Si no pensamos en algo que nos dé la ventaja,"
114,630.187,635.827,"se acabaron la operación, nuestras vidas y el futuro de la humanidad."
115,636.637,641.247,"Pero no vamos a dejar que nos mates a todos sin más."
116,641.617,643.537,"Ataquemos!"
117,647.677,649.807,"Aún no conoce las lanzas!"
118,649.807,652.487,"Connie, Sasha y yo lo distraeremos."
119,652.487,654.607,"Mikasa disparará mientras tanto!"
120,654.607,655.467,"Recibido!"
121,657.057,660.157,"Te voy a arrancar los ojos, idiota!"
122,660.157,662.017,"Tonto!"
123,662.017,664.187,"Bicho raro!"
124,665.477,667.777,"Es una provocación muy simple."
125,668.127,670.737,"Pero si las lanzas relámpago le dan…"
126,691.547,692.857,"Chicos!"
127,693.787,695.407,"No funciona."
128,695.407,698.467,"Ese vapor repele las lanzas relámpago."
129,700.477,701.427,"Connie!"
130,701.427,704.347,"Inhalé un poco y me quemé la garganta."
131,705.417,707.607,"Mikasa! Estás sangrando."
132,707.607,711.447,"Estoy bien, solo me rozó un pedazo de las lanzas."
133,711.447,712.987,"Se te ocurrió algo?"
134,714.927,717.507,"Podemos contraatacar de algún modo?"
135,721.547,722.877,"No."
136,739.967,744.977,"Información pública actualmente"
137,739.967,744.977,"Vapor caliente del titán colosal Se cree que lo genera al quemar tejido muscular y, por tanto, es limitado."
138,758.857,761.627,"El titán bestia está apuntando hacia aquí."
139,761.627,763.907,"No tardará en llenar esto de agujeros."
140,764.947,769.717,"Si no nos queda forma de contraatacar,"
141,769.717,771.657,"preparemos la huida."
142,772.277,774.377,"Ve a despertar a Eren."
143,774.687,777.427,"Súbete a él con unos cuantos más y huyan."
144,778.077,780.427,"Que sobreviva alguien."
145,781.857,783.927,"Huyeron unos caballos."
146,784.367,785.937,"Tú estabas al cargo!"
147,785.937,788.307,"Cállate! Ya no sirven de nada!"
148,788.307,789.517,"Cómo dices?"
149,790.107,793.967,"Los más fuertes de la Legión murieron en un instante."
150,794.417,796.497,"Tú también lo sabes!"
151,796.807,799.147,"Aunque protejamos a los caballos,"
152,799.527,802.787,"no quedará nadie que vuelva a casa en ellos!"
153,807.787,810.147,"Entendía la lógica."
154,810.707,816.737,"Si nos quedábamos en las murallas, un día los titanes nos aniquilarían."
155,817.257,820.437,"Alguien tenía que actuar, aunque fuera peligroso."
156,821.037,827.097,"Hace falta gente capaz de sacrificarse para no sacrificar a otros."
157,827.447,830.117,"Quiénes serán esos valerosos soldados?."
158,830.117,832.357,"Cuando preguntaron eso…"
159,832.677,836.857,"pensé que yo era uno."
160,837.727,842.297,"Pero no esperaba que mi muerte"
161,842.997,847.077,"no fuera a tener sentido alguno."
162,847.877,853.507,"En comparación, hay mucha más gente que muere en vano que no."
163,854.217,859.947,"Por qué pensé que yo iba a ser diferente?"
164,865.347,869.307,"Y si hacemos que los reclutas y los del escuadrón de Hange restantes"
165,869.657,871.347,"se dispersaran en caballo?"
166,871.667,875.727,"Eren saldrá corriendo mientras los distraen."
167,876.507,879.357,"Qué harás tú, Levi?"
168,879.927,883.117,"Enfrentarme al titán bestia. Si lo atrai…"
169,883.347,886.617,"Imposible. No podrás ni acercarte."
170,887.187,888.437,"Me lo imagino."
171,888.967,893.627,"Pero si Eren y tú regresan con vida, aún habrá esperanza."
172,894.107,897.417,"No crees que llegamos a ese punto?"
173,898.457,899.857,"Es una gran derrota."
174,900.617,906.127,"Si te soy sincero, creo que no sobrevivirá nadie."
175,907.077,910.907,"Sí. Si no hubiera ninguna forma de contraatacar."
176,914.837,915.937,"Y la hay?"
177,916.617,917.857,"Sí."
178,918.267,920.147,"Por qué no lo dijiste antes?"
179,920.647,923.277,"Por qué te callaste con esa cara de asco?"
180,924.127,925.817,"Si esto sale bien,"
181,926.247,929.617,"es posible que puedas matar al titán bestia."
182,930.147,934.217,"Sacrificando mi vida y la de los reclutas."
183,939.507,941.147,"Tienes razón."
184,941.857,944.617,"De todos modos, la mayoría moriremos aquí."
185,945.987,949.857,"Es mucho más probable que muramos todos."
186,950.857,956.017,"Debemos apostar por la victoria del modo que sea necesario."
187,957.707,961.617,"Para eso tendré que pedirles a esos jóvenes que mueran."
188,962.057,966.037,"Tendré que inventar una buena excusa, como un estafador."
189,966.857,970.967,"Si no voy en cabeza, nadie me seguirá."
190,971.527,973.707,"Seré el primero en morir."
191,974.327,978.837,"Sin saber qué hay en el sótano."
192,988.437,992.217,"Quiero ir a ese sótano."
193,993.417,998.657,"Llegué hasta aquí pensando en que llegaría este día."
194,999.877,1003.567,"En que un día podría comprobar la respuesta."
195,1005.077,1009.107,"Muchas veces pensé que sería mejor morir."
196,1009.677,1014.407,"Pero el sueño de mi padre y el mío me venía a la mente."
197,1015.057,1020.237,"Ahora la respuesta está al alcance de mi mano."
198,1023.167,1025.257,"Está justo ahí."
199,1028.587,1030.107,"Pero, Levi,"
200,1031.927,1034.877,"puedes ver a nuestros compañeros?"
201,1038.787,1041.147,"Ellos nos observan."
202,1041.667,1045.027,"Quieren saber qué pasó con los corazones que entregaron."
203,1045.837,1048.367,"Porque la batalla aún no terminó."
204,1055.567,1060.997,"Quizás todo sea una ilusión infantil en mi cabeza."
205,1066.967,1069.167,"Peleaste con valor."
206,1069.907,1073.257,"Gracias a ti llegamos hasta aquí."
207,1075.237,1076.987,"Pero sé lo que elijo."
208,1079.107,1081.737,"Abandona tu sueño y muere."
209,1081.737,1084.187,"Guía a los reclutas al infierno."
210,1085.107,1088.217,"Yo mataré al titán bestia."
211,1110.177,1111.757,"A la carga!"
212,1116.837,1121.387,"Imaginé que no se rendirían sin pelear,"
213,1121.937,1123.687,"pero una carga directa?"
214,1124.127,1127.527,"Esperaba que se les ocurriera algo mejor."
215,1128.187,1130.697,"Ahora! Disparen!"
216,1134.707,1135.967,"Humo?"
217,1136.617,1140.247,"Es con el que envían las señales."
218,1140.817,1142.627,"Ahí va! Muévanse!"
219,1146.787,1149.377,"Les describiré nuestra última estrategia."
220,1149.377,1151.077,"En fila!"
221,1153.257,1158.427,"Cargaremos contra el titán bestia a caballo."
222,1158.427,1161.687,"Naturalmente, seremos una diana perfecta."
223,1162.547,1167.177,"Dispararemos bengalas de humo cuando vaya a lanzar una piedra"
224,1167.497,1170.447,"para disminuir su precisión cuanto podamos."
225,1170.877,1175.797,"Mientras nosotros llamamos su atención, Levi matará al titán bestia."
226,1176.117,1177.827,"Ese es el plan."
227,1178.527,1179.447,"Qué?"
228,1180.107,1183.247,"Que yo me acerque con el equipo de maniobras?"
229,1183.657,1185.757,"Está en campo abierto."
230,1185.757,1188.217,"No hay árboles, casas ni nada que usar."
231,1188.657,1189.627,"No."
232,1191.147,1195.017,"Hay unos mástiles de la altura perfecta alineados hasta él."
233,1196.657,1201.747,"Muévete por los titanes y ataca al titán bestia por sorpresa."
234,1209.147,1210.657,"Lo siento."
235,1218.387,1222.607,"Quedándonos aquí seremos pasto de esas piedras."
236,1222.607,1224.457,"Prepárense de inmediato."
237,1225.767,1230.547,"Vamos a morir?"
238,1231.567,1232.717,"Sí."
239,1233.347,1239.467,"Si vamos a morir de todas formas, nos pide que lo hagamos peleando?"
240,1240.257,1241.267,"Sí."
241,1241.717,1246.717,"Si vamos a morir, no importa cómo."
242,1246.717,1250.727,"Aunque lo desobedezcamos, dará igual."
243,1251.217,1252.687,"Efectivamente."
244,1254.347,1256.247,"No tiene ningún sentido."
245,1256.247,1258.767,"Ya tengas sueños y esperanzas…"
246,1259.967,1262.777,"Ya vivas una vida feliz…"
247,1263.767,1266.237,"O ya te haga pedazos una piedra."
248,1266.927,1268.587,"Todos morimos."
249,1269.927,1272.507,"Entonces, la vida no tiene sentido?"
250,1273.307,1276.707,"Nacer no tuvo sentido?"
251,1277.867,1280.207,"Nuestros compañeros caídos tampoco?"
252,1280.657,1284.367,"Esos soldados no sirvieron de nada?"
253,1285.927,1287.557,"No es así!"
254,1287.557,1290.567,"Somos nosotros los que le damos sentido!"
255,1291.077,1294.067,"Solo los vivos"
256,1294.457,1298.317,"podemos pensar en los que perecieron!"
257,1298.817,1303.307,"Moriremos aquí y le entregaremos nuestro sentido a los vivos!"
258,1304.057,1309.577,"Esa es la única forma de resistirse en este cruel mundo!"
259,1310.127,1311.837,"Avancen, soldados!"
260,1312.367,1314.337,"Griten, soldados!"
261,1314.727,1317.377,"Peleen, soldados!"
262,1326.977,1329.977,"Continuará"
263,1419.987,1422.487,"Avance"
264,1420.347,1422.487,"Por los amigos que entregaron su corazón."
265,1423.047,1425.237,"Por los que abandonaron su sueño."
266,1425.727,1429.587,"Correrán por ellos hasta que arda todo."
267,1430.107,1432.287,"Sumidos en el miedo y la confusión."
268,1432.747,1435.237,"Próximo episodio: Héroe."
269,1432.747,1436.667,"Héroe"
